{
  "r2_score_mean": 0.9126349687576294,
  "r2_score_std": 0.15758153796195984,
  "r2_score_above0.9": 0.765500009059906,
  "mae_mean": 0.005691497586667538,
  "mae_std": 0.004015942104160786,
  "mse_mean": 6.0084501456003636e-05,
  "mse_std": 9.402268915437162e-05,
  "rmse_mean": 0.006436952389776707,
  "rmse_std": 0.004319661762565374,
  "manual_mse_mean": 6.0084501456003636e-05,
  "manual_mse_std": 9.402268915437162e-05,
  "manual_rmse_mean": 0.006436952389776707,
  "manual_rmse_std": 0.004319661762565374
}
