{
  "r2_score_mean": 0.15810809720092836,
  "r2_score_std": 0.28851213282500765,
  "r2_score_above0.9": 0.0,
  "mae_mean": 1.727306560303601,
  "mae_std": 0.5929984400998208,
  "mse_mean": 11.48841712913355,
  "mse_std": 7.733711381935727,
  "rmse_mean": 3.219827648830844,
  "rmse_std": 1.0713638699961738,
  "manual_mse_mean": 11.488417129133552,
  "manual_mse_std": 7.733711381935729,
  "manual_rmse_mean": 3.219827648830844,
  "manual_rmse_std": 1.071363869996174
}
