{
  "r2_score_mean": 0.6981762051582336,
  "r2_score_std": 0.5207441449165344,
  "r2_score_above0.9": 0.3995000123977661,
  "mae_mean": 0.01070083025842905,
  "mae_std": 0.007039202842861414,
  "mse_mean": 0.00020164444867987186,
  "mse_std": 0.00027462810976430774,
  "rmse_mean": 0.012054024264216423,
  "rmse_std": 0.007508201990276575,
  "manual_mse_mean": 0.00020164444867987186,
  "manual_mse_std": 0.00027462810976430774,
  "manual_rmse_mean": 0.012054024264216423,
  "manual_rmse_std": 0.007508201990276575
}
