{
  "r2_score_mean": -103063218028544.0,
  "r2_score_std": 58113021444096.0,
  "r2_score_above0.9": 0.0,
  "mae_mean": 1.5434257984161377,
  "mae_std": 0.43394699692726135,
  "mse_mean": 9.129263877868652,
  "mse_std": 5.976978778839111,
  "rmse_mean": 2.8783771991729736,
  "rmse_std": 0.9296824336051941,
  "manual_mse_mean": 9.129263877868652,
  "manual_mse_std": 5.976978778839111,
  "manual_rmse_mean": 2.8783771991729736,
  "manual_rmse_std": 0.9296824336051941
}
